{
  "metrics": {
    "auc": 0.683087068415051,
    "f1": 0.2057942057942058,
    "recall": 0.20924327069578466,
    "precision": 0.20245700245700246
  },
  "data_hash": "0c4301b7"
}