{
  "metrics": {
    "auc": 0.683087068415051,
    "f1": 0.033605376860297645,
    "recall": 0.017775520568816656
  },
  "data_hash": "a5f162f6"
}